{
 "20.0": {
  "FLEX_G_LT": 4880554.615384617,
  "FLEX_L": 13944441.758226983,
  "FLEX_LT": 4183332.5274577457,
  "FLEX_T": 13944441.758226985,
  "MEMB_G_LT": 205.3846153846164,
  "MEMB_L": 586.8131868123628,
  "MEMB_LT": 176.04395604312998,
  "MEMB_T": 586.8131868123628,
  "TEMP": 20.0,
  "TEMP_DEF_ALPHA": 20.0
 }
}
