{
 "20.0": {
  "A1111": 0.48441049594920543,
  "A1122": 0.12245132187374645,
  "A1133": 0.18205854534688684,
  "A1212": 0.08084942956368237,
  "A2222": 0.4844158803805556,
  "A2233": 0.1820601606762915,
  "A2323": 0.17229420329975914,
  "A3131": 0.1722928809190774,
  "A3333": 0.7303822790898788,
  "ALPHA_L": 1.0,
  "ALPHA_N": 1.0,
  "ALPHA_T": 1.0,
  "E_L": 0.4255004655907365,
  "E_N": 0.6211466672829247,
  "E_T": 0.4255049036172672,
  "G_LN": 0.17229420329975914,
  "G_LT": 0.08084942956368237,
  "G_TN": 0.1722928809190774,
  "ISOTRANS": 2.476953962803,
  "K11": 0.44796149038959826,
  "K22": 0.4479649285793712,
  "K33": 0.6211466672829208,
  "LAMBDA_L": 0.44796149038959826,
  "LAMBDA_N": 0.6211466672829208,
  "LAMBDA_T": 0.4479649285793712,
  "NU_LN": 0.20550724394224087,
  "NU_LT": 0.17554469922554095,
  "NU_NL": 0.30000000000000226,
  "NU_NT": 0.3000000000000012,
  "NU_TL": 0.17554653018013552,
  "NU_TN": 0.20550938741016703,
  "RHO": 0.6211466672829208,
  "RHO_CP": 0.6211466672829208,
  "TEMP": 20.0,
  "TEMP_DEF_ALPHA": 20.0
 }
}
