{
    "21.0": {
        "ALPHA": 1.6399999999960876e-05,
        "CISA_L": 16251081727.194334,
        "CISA_T": 16250966030.220806,
        "FLEX_G_LT": 143070142.2891333,
        "FLEX_L": 698361951.481775,
        "FLEX_LT": 143185615.41428068,
        "FLEX_T": 698371788.8614212,
        "MEMB_ALPHA_L": 1.6400000000865822e-05,
        "MEMB_ALPHA_T": 1.639999999905593e-05,
        "MEMB_G_LT": 8531879842.059129,
        "MEMB_L": 42490613000.6232,
        "MEMB_LT": 8398683288.84116,
        "MEMB_T": 42491218545.40222,
        "RHO": 5210.880367369319,
        "TEMP": 21.0,
        "TEMP_DEF_ALPHA": 20.0
    }
}
