{
    "21.0": {
        "ALPHA": 1.6399999999871545e-05,
        "CISA_L": 1731307027.1227398,
        "CISA_T": 1731307027.1246042,
        "FLEX_G_LT": 976723.8131283801,
        "FLEX_L": 1994805.5711536699,
        "FLEX_LT": 623244.7389786909,
        "FLEX_T": 1994805.5711551006,
        "MEMB_ALPHA_L": 1.6399999998929085e-05,
        "MEMB_ALPHA_T": 1.6400000000814004e-05,
        "MEMB_G_LT": 1843524606.4106157,
        "MEMB_L": 3115821162.1437526,
        "MEMB_LT": 2132206802.3882306,
        "MEMB_T": 3115821162.1485953,
        "RHO": 3883.1636854953654,
        "TEMP": 21.0,
        "TEMP_DEF_ALPHA": 20.0
    }
}
