{
 "20.0": {
  "ALPHA": 1.0,
  "FLEX_G_LT": 983454.7880339854,
  "FLEX_L": 5564209.448835087,
  "FLEX_LT": 984686.1583807543,
  "FLEX_T": 5564280.1295702085,
  "MEMB_G_LT": 41.382761713534855,
  "MEMB_L": 234.33759300009422,
  "MEMB_LT": 41.25783368625276,
  "MEMB_T": 234.34022052180117,
  "RHO": 0.6211466672829176,
  "TEMP": 20.0,
  "TEMP_DEF_ALPHA": 20.0
 }
}
