{
 "21.0": {
  "ALPHA": 1.64e-05,
  "CISA_L": 4215078.01397591,
  "CISA_T": 4215078.013975944,
  "FLEX_G_LT": 44558624086.897675,
  "FLEX_L": 162920922627.93143,
  "FLEX_LT": 36176736017.80272,
  "FLEX_T": 162920922627.93137,
  "MEMB_ALPHA_L": 1.64e-05,
  "MEMB_ALPHA_T": 1.64e-05,
  "MEMB_G_LT": 2196895.2945741406,
  "MEMB_L": 18863934.796768844,
  "MEMB_LT": 2759350.432603131,
  "MEMB_T": 18863934.79676883,
  "RHO": 4.044265528327284e-06,
  "TEMP": 21.0,
  "TEMP_DEF_ALPHA": 20.0
 }
}
